<report>
    <MemberTitle_SelectedValue />
    <Occupation_SelectedValue />
    <FamilyGroupOrg_hidden />
    <FamilyGroupOrg>240</FamilyGroupOrg>
    <HomeCountry_SelectedValue />
    <HomeReturnedMail_SelectedValue />
    <PostalCountry_SelectedValue />
    <PostalReturnedMail_SelectedValue />
    <PreferredContactNoType_SelectedValue />
    <HasPreferredContactNo_SelectedValue />
    <RegisteredAsmatic_SelectedValue />
    <OrganDonor_SelectedValue />
    <BloodType_SelectedValue />
    <HepBVaccination_SelectedValue />
    <IsInjured_SelectedValue />
    <ClothingSizeID_0_SelectedValue />
    <ClothingType_0>Lycra Vest</ClothingType_0>
    <ClothingTypeID_0>3</ClothingTypeID_0>
    <ClothingSizeID_1_SelectedValue />
    <ClothingType_1>Shirt</ClothingType_1>
    <ClothingTypeID_1>1</ClothingTypeID_1>
    <ClothingSizeID_2_SelectedValue />
    <ClothingType_2>Short</ClothingType_2>
    <ClothingTypeID_2>2</ClothingTypeID_2>
    <ClothingSizeID_3_SelectedValue />
    <ClothingType_3>Swimsuit</ClothingType_3>
    <ClothingTypeID_3>4</ClothingTypeID_3>
    <TotalClothingTypes>4</TotalClothingTypes>
    <DriversLicenseType_SelectedValue />
    <IsNoEmailCommunications_SelectedValue />
    <IsNoSmsCommunications_SelectedValue />
    <Disabilities_SelectedValue />
    <CountryBorn_SelectedValue />
    <CountryOfCitizenship_SelectedValue />
    <CountryOfCulturalBackground_SelectedValue />
    <HomeLanguage_SelectedValue />
    <EnglishProficiency_SelectedValue />
    <IsAboriginal_SelectedValue />
    <IsTorresStraitIslander_SelectedValue />
    <SchoolingLevel_SelectedValue />
    <IsAttendingSchool_SelectedValue />
    <PriorQualifications_SelectedValue />
    <EmploymentStatus_SelectedValue />
    <EnrollmentSourceType_SelectedValue />
    <State_hidden />
    <Branch_hidden />
    <Club_hidden />
    <MembershipType_SelectedValue />
    <ArchivedInAllOrgs_SelectedValue />
    <Status_SelectedValue />
    <AgeCategory_SelectedValue />
    <Competitor_SelectedValue />
    <HasClubKeys_SelectedValue />
    <SignedMembershipDeclaration_SelectedValue />
    <SignedLiabilityDeclaration_SelectedValue />
    <SignedGuardianDeclaration_SelectedValue />
    <MemberIDVerification_SelectedValue />
    <MemberIDVerificationTypeID_SelectedValue />
    <StateofIssue_SelectedValue />
    <CardColor_SelectedValue />
    <MemberProtectionState_hidden />
    <MemberProtection_SelectedValue />
    <ScreeningTypeID_SelectedValue />
    <EcDetailsProvided_SelectedValue />
    <EcTitle_SelectedValue />
    <EcRelationship_SelectedValue />
    <EcReturnedMail_SelectedValue />
    <SCBusinessCountry_SelectedValue />
    <SCPostalCountry_SelectedValue />
    <MailingGroupTypeID_SelectedValue />
    <MailingGroupTypeID_Hidden>-1</MailingGroupTypeID_Hidden>
    <MailingGroupID_SelectedValue />
    <MailingGroupID_Hidden>-1</MailingGroupID_Hidden>
    <OfficerPosition_SelectedValue />
    <IntlMembershipType_SelectedValue />
    <AwardAllocationTypes_SelectedValue />
    <AwardStatus_SelectedValue />
    <AwardTypes_SelectedValue />
    <Awards_SelectedValue />
    <IsAvetmissProgram_SelectedValue />
    <ProgramLevelofEducation_SelectedValue />
    <ProgramFieldofEducation_SelectedValue />
    <ProgramRecognition_SelectedValue />
    <AnzcoDetails_SelectedValue />
    <VetFlag_SelectedValue />
    <IsAvetmissSubject_SelectedValue />
    <SubjectFieldofEducation_SelectedValue />
    <AwardOriginatingOrganisation_SelectedValue />
    <ManuallyAdded_SelectedValue />
    <ExternalEvaluation_SelectedValue />
    <SelectedOrganisation_SelectedValue />
    <AssessmentAwardType_SelectedValue />
    <AssessmentsAwards_SelectedValue />
    <AssessmentTypes_SelectedValue />
    <AssessmentsOrganisation_SelectedValue />
    <AssessmentSourceCompanies_SelectedValue />
    <AssessmentStatus_SelectedValue />
    <ServiceCourse_SelectedValue />
    <PatrolTeam_SelectedValue />
    <PatrolTeamPosition_SelectedValue />
    <RosteredPatrolTeam_SelectedValue />
    <PatrolRosterStartTime_FromH_SelectedValue />
    <PatrolRosterStartTime_Fromi_SelectedValue />
    <PatrolRosterStartTime_ToH_SelectedValue />
    <PatrolRosterStartTime_Toi_SelectedValue />
    <PatrolRosterFinishTime_FromH_SelectedValue />
    <PatrolRosterFinishTime_Fromi_SelectedValue />
    <PatrolRosterFinishTime_ToH_SelectedValue />
    <PatrolRosterFinishTime_Toi_SelectedValue />
    <PatrolRosterDuration_FromH_SelectedValue />
    <PatrolRosterDuration_Fromi_SelectedValue />
    <PatrolRosterDuration_ToH_SelectedValue />
    <PatrolRosterDuration_Toi_SelectedValue />
    <RosteredPosition_SelectedValue />
    <RosteredMemberHoldsAwards_SelectedValue />
    <PositionAwards_SelectedValue />
    <PatrolLogName_SelectedValue />
    <PatrolLogStartTime_FromH_SelectedValue />
    <PatrolLogStartTime_Fromi_SelectedValue />
    <PatrolLogStartTime_ToH_SelectedValue />
    <PatrolLogStartTime_Toi_SelectedValue />
    <PatrolLogFinishTime_FromH_SelectedValue />
    <PatrolLogFinishTime_Fromi_SelectedValue />
    <PatrolLogFinishTime_ToH_SelectedValue />
    <PatrolLogFinishTime_Toi_SelectedValue />
    <PatrolLogDuration_FromH_SelectedValue />
    <PatrolLogDuration_Fromi_SelectedValue />
    <PatrolLogDuration_ToH_SelectedValue />
    <PatrolLogDuration_Toi_SelectedValue />
    <PatrolLogStatus_SelectedValue />
    <PatrolLogType_SelectedValue />
    <PatrolMemberPosition_SelectedValue />
    <PatrolMemberPatrolType_SelectedValue />
    <PatrolMemberStartTime_FromH_SelectedValue />
    <PatrolMemberStartTime_Fromi_SelectedValue />
    <PatrolMemberStartTime_ToH_SelectedValue />
    <PatrolMemberStartTime_Toi_SelectedValue />
    <PatrolMemberFinishTime_FromH_SelectedValue />
    <PatrolMemberFinishTime_Fromi_SelectedValue />
    <PatrolMemberFinishTime_ToH_SelectedValue />
    <PatrolMemberFinishTime_Toi_SelectedValue />
    <PatrolMemberDuration_FromH_SelectedValue />
    <PatrolMemberDuration_Fromi_SelectedValue />
    <PatrolMemberDuration_ToH_SelectedValue />
    <PatrolMemberDuration_Toi_SelectedValue />
    <PatrolMemberVisitingClub_SelectedValue />
    <PatrolLogRequestType_SelectedValue />
    <PatrolLogRequestStatus_SelectedValue />
    <OrganisationType_SelectedValue />
    <OrganisationBeachName_SelectedValue />
    <OrganisationBeachKey_SelectedValue />
    <OrganisationPhysicalCountry_SelectedValue />
    <OrganisationPostalCountry_SelectedValue />
    <OrganisationBankAccountIsDefault_SelectedValue />
    <TransactionNational_hidden />
    <TransactionState_hidden />
    <TransactionBranch_hidden />
    <TransactionClub_hidden />
    <TransactionType_SelectedValue />
    <TransactionPaymentMethod_SelectedValue />
    <HasNotes_SelectedValue />
    <NoteOrganisation_SelectedValue />
    <NoteType_SelectedValue />
    <elementID />
    <sendEmailAddressUser>help@swapsea.com.au</sendEmailAddressUser>
    <maxEmailRecipients>0</maxEmailRecipients>
    <_qf_default>report:submit</_qf_default>
    <reportTitle>swapsea_rosters</reportTitle>
    <sortOrder_MemberID />
    <columnHeader_MemberID />
    <MemberID />
    <sortOrder_MemberTitle />
    <columnHeader_MemberTitle />
    <MemberTitle>-1</MemberTitle>
    <sortOrder_FirstName />
    <columnHeader_FirstName />
    <FirstName />
    <sortOrder_MiddleName />
    <columnHeader_MiddleName />
    <MiddleName />
    <sortOrder_Surname />
    <columnHeader_Surname />
    <Surname_From />
    <Surname_To />
    <sortOrder_PreferredName />
    <columnHeader_PreferredName />
    <PreferredName />
    <sortOrder_PostNominal />
    <columnHeader_PostNominal />
    <PostNominal />
    <sortOrder_Gender />
    <columnHeader_Gender />
    <Gender>All</Gender>
    <sortOrder_DOB />
    <columnHeader_DOB />
    <DOB_From />
    <DOB_To />
    <sortOrder_Age />
    <columnHeader_Age />
    <Age_From />
    <Age_To />
    <sortOrder_Occupation />
    <columnHeader_Occupation />
    <Occupation>-1</Occupation>
    <sortOrder_FamilyGroupName />
    <columnHeader_FamilyGroupName />
    <FamilyGroupName />
    <sortOrder_FamilyGroupPosition />
    <columnHeader_FamilyGroupPosition />
    <FamilyGroupPosition>-1</FamilyGroupPosition>
    <sortOrder_BuildingName />
    <columnHeader_BuildingName />
    <BuildingName />
    <sortOrder_FlatOrUnitDetails />
    <columnHeader_FlatOrUnitDetails />
    <FlatOrUnitDetails />
    <sortOrder_StreetNumber />
    <columnHeader_StreetNumber />
    <StreetNumber />
    <sortOrder_StreetName />
    <columnHeader_StreetName />
    <StreetName />
    <sortOrder_HomeSuburb />
    <columnHeader_HomeSuburb />
    <HomeSuburb />
    <sortOrder_HomeState />
    <columnHeader_HomeState />
    <HomeState>-1</HomeState>
    <sortOrder_HomePostcode />
    <columnHeader_HomePostcode />
    <HomePostcode />
    <sortOrder_HomeCountry />
    <columnHeader_HomeCountry />
    <HomeCountry>-1</HomeCountry>
    <sortOrder_HomeReturnedMail />
    <columnHeader_HomeReturnedMail />
    <HomeReturnedMail>-1</HomeReturnedMail>
    <sortOrder_PostalBuildingName />
    <columnHeader_PostalBuildingName />
    <PostalBuildingName />
    <sortOrder_PostalFlatOrUnitDetails />
    <columnHeader_PostalFlatOrUnitDetails />
    <PostalFlatOrUnitDetails />
    <sortOrder_PostalStreetNumber />
    <columnHeader_PostalStreetNumber />
    <PostalStreetNumber />
    <sortOrder_PostalStreetName />
    <columnHeader_PostalStreetName />
    <PostalStreetName />
    <sortOrder_DeliveryPostalBox />
    <columnHeader_DeliveryPostalBox />
    <DeliveryPostalBox />
    <sortOrder_PostalSuburb />
    <columnHeader_PostalSuburb />
    <PostalSuburb />
    <sortOrder_PostalState />
    <columnHeader_PostalState />
    <PostalState>-1</PostalState>
    <sortOrder_PostalPostcode />
    <columnHeader_PostalPostcode />
    <PostalPostcode />
    <sortOrder_PostalCountry />
    <columnHeader_PostalCountry />
    <PostalCountry />
    <sortOrder_PostalReturnedMail />
    <columnHeader_PostalReturnedMail />
    <PostalReturnedMail>-1</PostalReturnedMail>
    <sortOrder_HomePhone />
    <columnHeader_HomePhone />
    <HomePhone />
    <sortOrder_HomeFax />
    <columnHeader_HomeFax />
    <HomeFax />
    <sortOrder_BusinessPhone />
    <columnHeader_BusinessPhone />
    <BusinessPhone />
    <sortOrder_BusinessFax />
    <columnHeader_BusinessFax />
    <BusinessFax />
    <sortOrder_AlternatePhone />
    <columnHeader_AlternatePhone />
    <AlternatePhone />
    <sortOrder_MobilePhone />
    <columnHeader_MobilePhone />
    <MobilePhone />
    <sortOrder_PreferredContactNoType />
    <columnHeader_PreferredContactNoType />
    <PreferredContactNoTypes>
        <PreferredContactNoType isMulti="1">-1</PreferredContactNoType>
    </PreferredContactNoTypes>
    <sortOrder_HasPreferredContactNo />
    <columnHeader_HasPreferredContactNo />
    <HasPreferredContactNo>-1</HasPreferredContactNo>
    <sortOrder_EmailAddress1 />
    <columnHeader_EmailAddress1 />
    <EmailAddress1 />
    <sortOrder_EmailAddress2 />
    <columnHeader_EmailAddress2 />
    <EmailAddress2 />
    <sortOrder_RegisteredAsmatic />
    <columnHeader_RegisteredAsmatic />
    <RegisteredAsmatic>-1</RegisteredAsmatic>
    <sortOrder_OrganDonor />
    <columnHeader_OrganDonor />
    <OrganDonor>-1</OrganDonor>
    <sortOrder_BloodType />
    <columnHeader_BloodType />
    <BloodTypes>
        <BloodType isMulti="1">-1</BloodType>
    </BloodTypes>
    <sortOrder_MedicalNotes />
    <columnHeader_MedicalNotes />
    <MedicalNotes />
    <sortOrder_HepBVaccination />
    <columnHeader_HepBVaccination />
    <HepBVaccination>-1</HepBVaccination>
    <sortOrder_HepBVaccinationNotes />
    <columnHeader_HepBVaccinationNotes />
    <HepBVaccinationNotes />
    <sortOrder_IsInjured />
    <columnHeader_IsInjured />
    <IsInjured>-1</IsInjured>
    <sortOrder_ClothingSizeID_0 />
    <columnHeader_ClothingSizeID_0 />
    <ClothingSizeID_0>-1</ClothingSizeID_0>
    <sortOrder_ClothingSizeID_1 />
    <columnHeader_ClothingSizeID_1 />
    <ClothingSizeID_1>-1</ClothingSizeID_1>
    <sortOrder_ClothingSizeID_2 />
    <columnHeader_ClothingSizeID_2 />
    <ClothingSizeID_2>-1</ClothingSizeID_2>
    <sortOrder_ClothingSizeID_3 />
    <columnHeader_ClothingSizeID_3 />
    <ClothingSizeID_3>-1</ClothingSizeID_3>
    <sortOrder_Notes />
    <columnHeader_Notes />
    <Notes />
    <sortOrder_DriversLicenseNumber />
    <columnHeader_DriversLicenseNumber />
    <DriversLicenseNumber />
    <sortOrder_DriversLicenseType />
    <columnHeader_DriversLicenseType />
    <DriversLicenseType>-1</DriversLicenseType>
    <sortOrder_DriversLicenseExpiryDate />
    <columnHeader_DriversLicenseExpiryDate />
    <DriversLicenseExpiryDate_From />
    <DriversLicenseExpiryDate_To />
    <sortOrder_MarineLicenseNumber />
    <columnHeader_MarineLicenseNumber />
    <MarineLicenseNumber />
    <sortOrder_MarineLicenseExpiryDate />
    <columnHeader_MarineLicenseExpiryDate />
    <MarineLicenseExpiryDate_From />
    <MarineLicenseExpiryDate_To />
    <sortOrder_IsNoEmailCommunications />
    <columnHeader_IsNoEmailCommunications />
    <IsNoEmailCommunications>-1</IsNoEmailCommunications>
    <sortOrder_IsNoSmsCommunications />
    <columnHeader_IsNoSmsCommunications />
    <IsNoSmsCommunications>-1</IsNoSmsCommunications>
    <sortOrder_Disabilities />
    <columnHeader_Disabilities />
    <Disabilitiess>
        <Disabilities isMulti="1">-1</Disabilities>
    </Disabilitiess>
    <sortOrder_CountryBorn />
    <columnHeader_CountryBorn />
    <CountryBorns>
        <CountryBorn isMulti="1">-1</CountryBorn>
    </CountryBorns>
    <sortOrder_CountryOfCitizenship />
    <columnHeader_CountryOfCitizenship />
    <CountryOfCitizenships>
        <CountryOfCitizenship isMulti="1">-1</CountryOfCitizenship>
    </CountryOfCitizenships>
    <sortOrder_CountryOfCulturalBackground />
    <columnHeader_CountryOfCulturalBackground />
    <CountryOfCulturalBackgrounds>
        <CountryOfCulturalBackground isMulti="1">-1</CountryOfCulturalBackground>
    </CountryOfCulturalBackgrounds>
    <sortOrder_HomeLanguage />
    <columnHeader_HomeLanguage />
    <HomeLanguages>
        <HomeLanguage isMulti="1">-1</HomeLanguage>
    </HomeLanguages>
    <sortOrder_UniqueStudentIdentifier />
    <columnHeader_UniqueStudentIdentifier />
    <UniqueStudentIdentifier />
    <sortOrder_EnglishProficiency />
    <columnHeader_EnglishProficiency />
    <EnglishProficiencys>
        <EnglishProficiency isMulti="1">-1</EnglishProficiency>
    </EnglishProficiencys>
    <sortOrder_IsAboriginal />
    <columnHeader_IsAboriginal />
    <IsAboriginal>-1</IsAboriginal>
    <sortOrder_IsTorresStraitIslander />
    <columnHeader_IsTorresStraitIslander />
    <IsTorresStraitIslander>-1</IsTorresStraitIslander>
    <sortOrder_SchoolingLevel />
    <columnHeader_SchoolingLevel />
    <SchoolingLevels>
        <SchoolingLevel isMulti="1">-1</SchoolingLevel>
    </SchoolingLevels>
    <sortOrder_YearCompletedSchool />
    <columnHeader_YearCompletedSchool />
    <YearCompletedSchool />
    <sortOrder_IsAttendingSchool />
    <columnHeader_IsAttendingSchool />
    <IsAttendingSchool>-1</IsAttendingSchool>
    <sortOrder_PriorQualifications />
    <columnHeader_PriorQualifications />
    <PriorQualificationss>
        <PriorQualifications isMulti="1">-1</PriorQualifications>
    </PriorQualificationss>
    <sortOrder_PriorQualificationDetails />
    <columnHeader_PriorQualificationDetails />
    <PriorQualificationDetails />
    <sortOrder_EmploymentStatus />
    <columnHeader_EmploymentStatus />
    <EmploymentStatuss>
        <EmploymentStatus isMulti="1">-1</EmploymentStatus>
    </EmploymentStatuss>
    <sortOrder_EnrollmentSourceType />
    <columnHeader_EnrollmentSourceType />
    <EnrollmentSourceTypes>
        <EnrollmentSourceType isMulti="1">-1</EnrollmentSourceType>
    </EnrollmentSourceTypes>
    <sortOrder_MembershipType />
    <columnHeader_MembershipType />
    <MembershipTypes>
        <MembershipType isMulti="1">-1</MembershipType>
    </MembershipTypes>
    <sortOrder_DateJoined />
    <columnHeader_DateJoined />
    <DateJoined_From />
    <DateJoined_To />
    <sortOrder_DateArchived />
    <columnHeader_DateArchived />
    <DateArchived_From />
    <DateArchived_To />
    <sortOrder_ArchivedInAllOrgs />
    <columnHeader_ArchivedInAllOrgs />
    <ArchivedInAllOrgs>-1</ArchivedInAllOrgs>
    <sortOrder_Status />
    <columnHeader_Status />
    <Statuss>
        <Status isMulti="1">-1</Status>
    </Statuss>
    <sortOrder_RegSeason />
    <columnHeader_RegSeason />
    <RegSeason />
    <sortOrder_RegistrationDate />
    <columnHeader_RegistrationDate />
    <RegistrationDate_From />
    <RegistrationDate_To />
    <sortOrder_AgeCategory />
    <columnHeader_AgeCategory />
    <AgeCategorys>
        <AgeCategory isMulti="1">-1</AgeCategory>
    </AgeCategorys>
    <sortOrder_CompetitionAge />
    <columnHeader_CompetitionAge />
    <CompetitionAge />
    <sortOrder_Competitor />
    <columnHeader_Competitor />
    <Competitor>-1</Competitor>
    <sortOrder_LockerNo />
    <columnHeader_LockerNo />
    <LockerNo />
    <sortOrder_HasClubKeys />
    <columnHeader_HasClubKeys />
    <HasClubKeys>-1</HasClubKeys>
    <sortOrder_ClubKeys />
    <columnHeader_ClubKeys />
    <ClubKeys />
    <sortOrder_SignedMembershipDeclaration />
    <columnHeader_SignedMembershipDeclaration />
    <SignedMembershipDeclaration>-1</SignedMembershipDeclaration>
    <sortOrder_SignedLiabilityDeclaration />
    <columnHeader_SignedLiabilityDeclaration />
    <SignedLiabilityDeclaration>-1</SignedLiabilityDeclaration>
    <sortOrder_SignedGuardianDeclaration />
    <columnHeader_SignedGuardianDeclaration />
    <SignedGuardianDeclaration>-1</SignedGuardianDeclaration>
    <sortOrder_MemberDeclarationDate />
    <columnHeader_MemberDeclarationDate />
    <MemberDeclarationDate_From />
    <MemberDeclarationDate_To />
    <sortOrder_MemberIDVerification />
    <columnHeader_MemberIDVerification />
    <MemberIDVerification>-1</MemberIDVerification>
    <sortOrder_MemberIDVerificationDate />
    <columnHeader_MemberIDVerificationDate />
    <MemberIDVerificationDate_From />
    <MemberIDVerificationDate_To />
    <sortOrder_MemberIDVerificationTypeID />
    <columnHeader_MemberIDVerificationTypeID />
    <MemberIDVerificationTypeIDs>
        <MemberIDVerificationTypeID isMulti="1">-1</MemberIDVerificationTypeID>
    </MemberIDVerificationTypeIDs>
    <sortOrder_DateofIssue />
    <columnHeader_DateofIssue />
    <DateofIssue_From />
    <DateofIssue_To />
    <sortOrder_StateofIssue />
    <columnHeader_StateofIssue />
    <StateofIssue>Unknown</StateofIssue>
    <sortOrder_IndividualReferenceNumber />
    <columnHeader_IndividualReferenceNumber />
    <IndividualReferenceNumber />
    <sortOrder_ExpiryDate />
    <columnHeader_ExpiryDate />
    <ExpiryDate_From />
    <ExpiryDate_To />
    <sortOrder_CardColor />
    <columnHeader_CardColor />
    <CardColor>-1</CardColor>
    <sortOrder_MemberProtection />
    <columnHeader_MemberProtection />
    <MemberProtection>-1</MemberProtection>
    <sortOrder_MemberProtectionDate />
    <columnHeader_MemberProtectionDate />
    <MemberProtectionDate_From />
    <MemberProtectionDate_To />
    <sortOrder_MemberProtectionExpiryDate />
    <columnHeader_MemberProtectionExpiryDate />
    <MemberProtectionExpiryDate_From />
    <MemberProtectionExpiryDate_To />
    <sortOrder_MemberProtectionRegDate />
    <columnHeader_MemberProtectionRegDate />
    <MemberProtectionRegDate_From />
    <MemberProtectionRegDate_To />
    <sortOrder_MemberProtectionRegExpiryDate />
    <columnHeader_MemberProtectionRegExpiryDate />
    <MemberProtectionRegExpiryDate_From />
    <MemberProtectionRegExpiryDate_To />
    <sortOrder_MemberProtectionRegNr />
    <columnHeader_MemberProtectionRegNr />
    <MemberProtectionRegNr />
    <sortOrder_MemberProtectionNote />
    <columnHeader_MemberProtectionNote />
    <MemberProtectionNote />
    <sortOrder_ScreeningWithdrawnDate />
    <columnHeader_ScreeningWithdrawnDate />
    <ScreeningWithdrawnDate_From />
    <ScreeningWithdrawnDate_To />
    <sortOrder_ScreenSuitabilityNoticeDate />
    <columnHeader_ScreenSuitabilityNoticeDate />
    <ScreenSuitabilityNoticeDate_From />
    <ScreenSuitabilityNoticeDate_To />
    <sortOrder_ScreeningTypeID />
    <columnHeader_ScreeningTypeID />
    <ScreeningTypeIDs>
        <ScreeningTypeID isMulti="1">-1</ScreeningTypeID>
    </ScreeningTypeIDs>
    <sortOrder_NationalPoliceCheckAppNo />
    <columnHeader_NationalPoliceCheckAppNo />
    <NationalPoliceCheckAppNo />
    <sortOrder_NationalPoliceCheckExpiryDate />
    <columnHeader_NationalPoliceCheckExpiryDate />
    <NationalPoliceCheckExpiryDate_From />
    <NationalPoliceCheckExpiryDate_To />
    <sortOrder_StudentNumber />
    <columnHeader_StudentNumber />
    <StudentNumber />
    <sortOrder_EcDetailsProvided />
    <columnHeader_EcDetailsProvided />
    <EcDetailsProvided>-1</EcDetailsProvided>
    <sortOrder_EcTitle />
    <columnHeader_EcTitle />
    <EcTitle>-1</EcTitle>
    <sortOrder_EcFirstName />
    <columnHeader_EcFirstName />
    <EcFirstName />
    <sortOrder_EcMiddleName />
    <columnHeader_EcMiddleName />
    <EcMiddleName />
    <sortOrder_EcSurname />
    <columnHeader_EcSurname />
    <EcSurname_From />
    <EcSurname_To />
    <sortOrder_EcRelationship />
    <columnHeader_EcRelationship />
    <EcRelationship>-1</EcRelationship>
    <sortOrder_EcAddress1 />
    <columnHeader_EcAddress1 />
    <EcAddress1 />
    <sortOrder_EcAddress2 />
    <columnHeader_EcAddress2 />
    <EcAddress2 />
    <sortOrder_EcSuburb />
    <columnHeader_EcSuburb />
    <EcSuburb />
    <sortOrder_EcPostcode />
    <columnHeader_EcPostcode />
    <EcPostcode />
    <sortOrder_EcState />
    <columnHeader_EcState />
    <EcState>-1</EcState>
    <sortOrder_EcReturnedMail />
    <columnHeader_EcReturnedMail />
    <EcReturnedMail>-1</EcReturnedMail>
    <sortOrder_EcHomePhone />
    <columnHeader_EcHomePhone />
    <EcHomePhone />
    <sortOrder_EcHomeFax />
    <columnHeader_EcHomeFax />
    <EcHomeFax />
    <sortOrder_EcBusinessPhone />
    <columnHeader_EcBusinessPhone />
    <EcBusinessPhone />
    <sortOrder_EcBusinessFax />
    <columnHeader_EcBusinessFax />
    <EcBusinessFax />
    <sortOrder_EcMobilePhone />
    <columnHeader_EcMobilePhone />
    <EcMobilePhone />
    <sortOrder_EcAlternatePhone />
    <columnHeader_EcAlternatePhone />
    <EcAlternatePhone />
    <sortOrder_SourceCompanyName />
    <columnHeader_SourceCompanyName />
    <SourceCompanyName />
    <sortOrder_SourceCompanyTradingName />
    <columnHeader_SourceCompanyTradingName />
    <SourceCompanyTradingName />
    <sortOrder_SourceCompanyABN />
    <columnHeader_SourceCompanyABN />
    <SourceCompanyABN />
    <sortOrder_SourceCompanyPhone />
    <columnHeader_SourceCompanyPhone />
    <SourceCompanyPhone />
    <sortOrder_SourceCompanyFax />
    <columnHeader_SourceCompanyFax />
    <SourceCompanyFax />
    <sortOrder_SourceCompanyNotes />
    <columnHeader_SourceCompanyNotes />
    <SourceCompanyNotes />
    <sortOrder_SCBusinessAddress />
    <columnHeader_SCBusinessAddress />
    <SCBusinessAddress />
    <sortOrder_SCBusinessSuburb />
    <columnHeader_SCBusinessSuburb />
    <SCBusinessSuburb />
    <sortOrder_SCBusinessState />
    <columnHeader_SCBusinessState />
    <SCBusinessState>-1</SCBusinessState>
    <sortOrder_SCBusinessPostCode />
    <columnHeader_SCBusinessPostCode />
    <SCBusinessPostCode />
    <sortOrder_SCBusinessCountry />
    <columnHeader_SCBusinessCountry />
    <SCBusinessCountry>-1</SCBusinessCountry>
    <sortOrder_SCPostalAddress />
    <columnHeader_SCPostalAddress />
    <SCPostalAddress />
    <sortOrder_SCPostalSuburb />
    <columnHeader_SCPostalSuburb />
    <SCPostalSuburb />
    <sortOrder_SCPostalState />
    <columnHeader_SCPostalState />
    <SCPostalState>-1</SCPostalState>
    <sortOrder_SCPostalPostCode />
    <columnHeader_SCPostalPostCode />
    <SCPostalPostCode />
    <sortOrder_SCPostalCountry />
    <columnHeader_SCPostalCountry />
    <SCPostalCountry />
    <sortOrder_SCContactPersonFirstName />
    <columnHeader_SCContactPersonFirstName />
    <SCContactPersonFirstName />
    <sortOrder_SCContactPersonSurname />
    <columnHeader_SCContactPersonSurname />
    <SCContactPersonSurname />
    <sortOrder_SCContactPersonWorkPhone />
    <columnHeader_SCContactPersonWorkPhone />
    <SCContactPersonWorkPhone />
    <sortOrder_SCContactPersonMobilePhone />
    <columnHeader_SCContactPersonMobilePhone />
    <SCContactPersonMobilePhone />
    <sortOrder_SCContactPersonEmail />
    <columnHeader_SCContactPersonEmail />
    <SCContactPersonEmail />
    <sortOrder_SCSupervisorFirstName />
    <columnHeader_SCSupervisorFirstName />
    <SCSupervisorFirstName />
    <sortOrder_SCSupervisorSurname />
    <columnHeader_SCSupervisorSurname />
    <SCSupervisorSurname />
    <sortOrder_MailingGroupTypeID />
    <columnHeader_MailingGroupTypeID />
    <MailingGroupTypeID>-1</MailingGroupTypeID>
    <sortOrder_MailingGroupID />
    <columnHeader_MailingGroupID />
    <MailingGroupID>-1</MailingGroupID>
    <sortOrder_Primary />
    <columnHeader_Primary />
    <sortOrder_OfficerPosition />
    <columnHeader_OfficerPosition />
    <OfficerPosition>-1</OfficerPosition>
    <sortOrder_OfficerFromDate />
    <columnHeader_OfficerFromDate />
    <OfficerFromDate />
    <sortOrder_OfficerToDate />
    <columnHeader_OfficerToDate />
    <OfficerToDate />
    <sortOrder_IntlMembershipType />
    <columnHeader_IntlMembershipType />
    <IntlMembershipTypes>
        <IntlMembershipType isMulti="1">-1</IntlMembershipType>
    </IntlMembershipTypes>
    <sortOrder_AwardAllocationTypes />
    <columnHeader_AwardAllocationTypes />
    <AwardAllocationTypess>
        <AwardAllocationTypes isMulti="1">-1</AwardAllocationTypes>
    </AwardAllocationTypess>
    <sortOrder_AwardStatus />
    <columnHeader_AwardStatus />
    <AwardStatuss>
        <AwardStatus isMulti="1">-1</AwardStatus>
    </AwardStatuss>
    <sortOrder_AwardTypes />
    <columnHeader_AwardTypes />
    <AwardTypess>
        <AwardTypes isMulti="1">-1</AwardTypes>
    </AwardTypess>
    <sortOrder_Awards />
    <columnHeader_Awards />
    <Awardss>
        <Awards isMulti="1">-1</Awards>
    </Awardss>
    <sortOrder_AwardCode />
    <columnHeader_AwardCode />
    <AwardCode />
    <sortOrder_AwardDate />
    <columnHeader_AwardDate />
    <AwardDate_From />
    <AwardDate_To />
    <sortOrder_ProficiencyDate />
    <columnHeader_ProficiencyDate />
    <ProficiencyDate_From />
    <ProficiencyDate_To />
    <sortOrder_AwardExpiryDate />
    <columnHeader_AwardExpiryDate />
    <AwardExpiryDate_From />
    <AwardExpiryDate_To />
    <sortOrder_AwardAllocationDate />
    <columnHeader_AwardAllocationDate />
    <AwardAllocationDate_From />
    <AwardAllocationDate_To />
    <sortOrder_ProfAllocationDate />
    <columnHeader_ProfAllocationDate />
    <ProfAllocationDate_From />
    <ProfAllocationDate_To />
    <sortOrder_AwardNumber />
    <columnHeader_AwardNumber />
    <AwardNumber />
    <sortOrder_ManualAwardNumber />
    <columnHeader_ManualAwardNumber />
    <ManualAwardNumber />
    <sortOrder_IsAvetmissProgram />
    <columnHeader_IsAvetmissProgram />
    <IsAvetmissProgram />
    <sortOrder_NominalHours />
    <columnHeader_NominalHours />
    <NominalHours />
    <sortOrder_ProgramLevelofEducation />
    <columnHeader_ProgramLevelofEducation />
    <ProgramLevelofEducation />
    <sortOrder_ProgramFieldofEducation />
    <columnHeader_ProgramFieldofEducation />
    <ProgramFieldofEducation />
    <sortOrder_ProgramRecognition />
    <columnHeader_ProgramRecognition />
    <ProgramRecognition />
    <sortOrder_AnzcoDetails />
    <columnHeader_AnzcoDetails />
    <AnzcoDetails />
    <sortOrder_VetFlag />
    <columnHeader_VetFlag />
    <VetFlag />
    <sortOrder_IsAvetmissSubject />
    <columnHeader_IsAvetmissSubject />
    <IsAvetmissSubject />
    <sortOrder_SubjectFieldofEducation />
    <columnHeader_SubjectFieldofEducation />
    <SubjectFieldofEducation />
    <sortOrder_DocumentLocation />
    <columnHeader_DocumentLocation />
    <DocumentLocation />
    <sortOrder_PoolTime />
    <columnHeader_PoolTime />
    <PoolTime_HoursFrom />
    <PoolTime_MinsFrom />
    <PoolTime_SecsFrom />
    <PoolTime_HoursTo />
    <PoolTime_MinsTo />
    <PoolTime_SecsTo />
    <sortOrder_ActivityTime />
    <columnHeader_ActivityTime />
    <ActivityTime_HoursFrom />
    <ActivityTime_MinsFrom />
    <ActivityTime_SecsFrom />
    <ActivityTime_HoursTo />
    <ActivityTime_MinsTo />
    <ActivityTime_SecsTo />
    <sortOrder_AwardOriginatingOrganisation />
    <columnHeader_AwardOriginatingOrganisation />
    <AwardOriginatingOrganisations>
        <AwardOriginatingOrganisation isMulti="1">-1</AwardOriginatingOrganisation>
    </AwardOriginatingOrganisations>
    <sortOrder_ManuallyAdded />
    <columnHeader_ManuallyAdded />
    <ManuallyAdded>-1</ManuallyAdded>
    <sortOrder_ExternalEvaluation />
    <columnHeader_ExternalEvaluation />
    <ExternalEvaluation>-1</ExternalEvaluation>
    <sortOrder_ExternalOrganisationName />
    <columnHeader_ExternalOrganisationName />
    <ExternalOrganisationName />
    <sortOrder_ExternalAwardNumber />
    <columnHeader_ExternalAwardNumber />
    <ExternalAwardNumber />
    <sortOrder_ExternalEvalDate />
    <columnHeader_ExternalEvalDate />
    <ExternalEvalDate_From />
    <ExternalEvalDate_To />
    <sortOrder_NTISCode />
    <columnHeader_NTISCode />
    <NTISCode />
    <sortOrder_AssessorMemberID />
    <columnHeader_AssessorMemberID />
    <AssessorMemberID />
    <sortOrder_AssessorFirstName />
    <columnHeader_AssessorFirstName />
    <AssessorFirstName />
    <sortOrder_AssessorSurname />
    <columnHeader_AssessorSurname />
    <AssessorSurname_From />
    <AssessorSurname_To />
    <sortOrder_TrainerMemberID />
    <columnHeader_TrainerMemberID />
    <TrainerMemberID />
    <sortOrder_TrainerFirstName />
    <columnHeader_TrainerFirstName />
    <TrainerFirstName />
    <sortOrder_TrainerSurname />
    <columnHeader_TrainerSurname />
    <TrainerSurname_From />
    <TrainerSurname_To />
    <sortOrder_AssessmentID />
    <columnHeader_AssessmentID />
    <AssessmentID />
    <sortOrder_CertificateNumber />
    <columnHeader_CertificateNumber />
    <CertificateNumber />
    <sortOrder_SelectedOrganisation />
    <columnHeader_SelectedOrganisation />
    <SelectedOrganisations>
        <SelectedOrganisation isMulti="1">-1</SelectedOrganisation>
    </SelectedOrganisations>
    <sortOrder_AssessmentsID />
    <columnHeader_AssessmentsID />
    <AssessmentsID />
    <sortOrder_AssessmentAwardType />
    <columnHeader_AssessmentAwardType />
    <AssessmentAwardTypes>
        <AssessmentAwardType isMulti="1">-1</AssessmentAwardType>
    </AssessmentAwardTypes>
    <sortOrder_AssessmentsAwards />
    <columnHeader_AssessmentsAwards />
    <AssessmentsAwardss>
        <AssessmentsAwards isMulti="1">-1</AssessmentsAwards>
    </AssessmentsAwardss>
    <sortOrder_AssessmentTypes />
    <columnHeader_AssessmentTypes />
    <AssessmentTypess>
        <AssessmentTypes isMulti="1">-1</AssessmentTypes>
    </AssessmentTypess>
    <sortOrder_AssessmentsOrganisation />
    <columnHeader_AssessmentsOrganisation />
    <AssessmentsOrganisations>
        <AssessmentsOrganisation isMulti="1">-1</AssessmentsOrganisation>
    </AssessmentsOrganisations>
    <sortOrder_AssessmentSourceCompanies />
    <columnHeader_AssessmentSourceCompanies />
    <AssessmentSourceCompaniess>
        <AssessmentSourceCompanies isMulti="1">-1</AssessmentSourceCompanies>
    </AssessmentSourceCompaniess>
    <sortOrder_AssessmentActivityStartdate />
    <columnHeader_AssessmentActivityStartdate />
    <AssessmentActivityStartdate_From />
    <AssessmentActivityStartdate_To />
    <sortOrder_AssessmentProposedAssessmentDate />
    <columnHeader_AssessmentProposedAssessmentDate />
    <AssessmentProposedAssessmentDate_From />
    <AssessmentProposedAssessmentDate_To />
    <sortOrder_AssessmentTime />
    <columnHeader_AssessmentTime />
    <AssessmentTime_HoursFrom />
    <AssessmentTime_MinsFrom />
    <AssessmentTime_SecsFrom />
    <AssessmentTime_HoursTo />
    <AssessmentTime_MinsTo />
    <AssessmentTime_SecsTo />
    <sortOrder_AssessmentStatus />
    <columnHeader_AssessmentStatus />
    <AssessmentStatuss>
        <AssessmentStatus isMulti="1">-1</AssessmentStatus>
    </AssessmentStatuss>
    <sortOrder_AssessmentsComments />
    <columnHeader_AssessmentsComments />
    <AssessmentsComments />
    <sortOrder_AssessmentTotalTrainingAssessmentTime />
    <columnHeader_AssessmentTotalTrainingAssessmentTime />
    <AssessmentTotalTrainingAssessmentTime_HoursFrom />
    <AssessmentTotalTrainingAssessmentTime_MinsFrom />
    <AssessmentTotalTrainingAssessmentTime_SecsFrom />
    <AssessmentTotalTrainingAssessmentTime_HoursTo />
    <AssessmentTotalTrainingAssessmentTime_MinsTo />
    <AssessmentTotalTrainingAssessmentTime_SecsTo />
    <sortOrder_AssessmentPlannedAquaticActivityTime />
    <columnHeader_AssessmentPlannedAquaticActivityTime />
    <AssessmentPlannedAquaticActivityTime_HoursFrom />
    <AssessmentPlannedAquaticActivityTime_MinsFrom />
    <AssessmentPlannedAquaticActivityTime_SecsFrom />
    <AssessmentPlannedAquaticActivityTime_HoursTo />
    <AssessmentPlannedAquaticActivityTime_MinsTo />
    <AssessmentPlannedAquaticActivityTime_SecsTo />
    <sortOrder_AssessmentsContactName />
    <columnHeader_AssessmentsContactName />
    <AssessmentsContactName />
    <sortOrder_AssessmentsContactNumber />
    <columnHeader_AssessmentsContactNumber />
    <AssessmentsContactNumber />
    <sortOrder_AssessmentsDocumentLocation />
    <columnHeader_AssessmentsDocumentLocation />
    <AssessmentsDocumentLocation />
    <sortOrder_AssessmentsAssessorFirstName />
    <columnHeader_AssessmentsAssessorFirstName />
    <AssessmentsAssessorFirstName />
    <sortOrder_AssessmentsAssessorSurname />
    <columnHeader_AssessmentsAssessorSurname />
    <AssessmentsAssessorSurname_From />
    <AssessmentsAssessorSurname_To />
    <sortOrder_AssessmentsTrainerFirstName />
    <columnHeader_AssessmentsTrainerFirstName />
    <AssessmentsTrainerFirstName />
    <sortOrder_AssessmentsTrainerSurname />
    <columnHeader_AssessmentsTrainerSurname />
    <AssessmentsTrainerSurname_From />
    <AssessmentsTrainerSurname_To />
    <sortOrder_AssessmentsCreatedDate />
    <columnHeader_AssessmentsCreatedDate />
    <AssessmentsCreatedDate_From />
    <AssessmentsCreatedDate_To />
    <sortOrder_AssessmentsLastUpdatedDate />
    <columnHeader_AssessmentsLastUpdatedDate />
    <AssessmentsLastUpdatedDate_From />
    <AssessmentsLastUpdatedDate_To />
    <sortOrder_AssessmentsCandidatesFirstName />
    <columnHeader_AssessmentsCandidatesFirstName />
    <AssessmentsCandidatesFirstName />
    <sortOrder_AssessmentsCandidatesSurname />
    <columnHeader_AssessmentsCandidatesSurname />
    <AssessmentsCandidatesSurname_From />
    <AssessmentsCandidatesSurname_To />
    <sortOrder_ServiceCourse />
    <columnHeader_ServiceCourse />
    <ServiceCourse>-1</ServiceCourse>
    <sortOrder_PatrolTeam />
    <columnHeader_PatrolTeam />
    <PatrolTeams>
        <PatrolTeam isMulti="1">-1</PatrolTeam>
    </PatrolTeams>
    <sortOrder_PatrolTeamPosition />
    <columnHeader_PatrolTeamPosition />
    <PatrolTeamPositions>
        <PatrolTeamPosition isMulti="1">-1</PatrolTeamPosition>
    </PatrolTeamPositions>
    <selectPatrolRosters_RosteredPatrolTeam>1</selectPatrolRosters_RosteredPatrolTeam>
    <sortOrder_RosteredPatrolTeam />
    <columnHeader_RosteredPatrolTeam />
    <RosteredPatrolTeams>
        <RosteredPatrolTeam isMulti="1">-1</RosteredPatrolTeam>
    </RosteredPatrolTeams>
    <selectPatrolRosters_PatrolRosterDate>1</selectPatrolRosters_PatrolRosterDate>
    <sortOrder_PatrolRosterDate />
    <columnHeader_PatrolRosterDate />
    <PatrolRosterDate_From>01/07/2021</PatrolRosterDate_From>
    <PatrolRosterDate_To>30/06/2022</PatrolRosterDate_To>
    <selectPatrolRosters_PatrolRosterStartTime>1</selectPatrolRosters_PatrolRosterStartTime>
    <sortOrder_PatrolRosterStartTime />
    <columnHeader_PatrolRosterStartTime />
    <PatrolRosterStartTime_FromH>-1</PatrolRosterStartTime_FromH>
    <PatrolRosterStartTime_Fromi>-1</PatrolRosterStartTime_Fromi>
    <PatrolRosterStartTime_ToH>-1</PatrolRosterStartTime_ToH>
    <PatrolRosterStartTime_Toi>-1</PatrolRosterStartTime_Toi>
    <selectPatrolRosters_PatrolRosterFinishTime>1</selectPatrolRosters_PatrolRosterFinishTime>
    <sortOrder_PatrolRosterFinishTime />
    <columnHeader_PatrolRosterFinishTime />
    <PatrolRosterFinishTime_FromH>-1</PatrolRosterFinishTime_FromH>
    <PatrolRosterFinishTime_Fromi>-1</PatrolRosterFinishTime_Fromi>
    <PatrolRosterFinishTime_ToH>-1</PatrolRosterFinishTime_ToH>
    <PatrolRosterFinishTime_Toi>-1</PatrolRosterFinishTime_Toi>
    <sortOrder_PatrolRosterDuration />
    <columnHeader_PatrolRosterDuration />
    <PatrolRosterDuration_FromH>-1</PatrolRosterDuration_FromH>
    <PatrolRosterDuration_Fromi>-1</PatrolRosterDuration_Fromi>
    <PatrolRosterDuration_ToH>-1</PatrolRosterDuration_ToH>
    <PatrolRosterDuration_Toi>-1</PatrolRosterDuration_Toi>
    <sortOrder_PatrolRosterNotes />
    <columnHeader_PatrolRosterNotes />
    <PatrolRosterNotes />
    <sortOrder_RosteredPosition />
    <columnHeader_RosteredPosition />
    <RosteredPositions>
        <RosteredPosition isMulti="1">-1</RosteredPosition>
    </RosteredPositions>
    <sortOrder_RosteredMemberHoldsAwards />
    <columnHeader_RosteredMemberHoldsAwards />
    <RosteredMemberHoldsAwards>-1</RosteredMemberHoldsAwards>
    <sortOrder_PositionAwards />
    <columnHeader_PositionAwards />
    <PositionAwardss>
        <PositionAwards isMulti="1">-1</PositionAwards>
    </PositionAwardss>
    <sortOrder_LatestMemberProficiencyDate />
    <columnHeader_LatestMemberProficiencyDate />
    <LatestMemberProficiencyDate_From />
    <LatestMemberProficiencyDate_To />
    <sortOrder_PatrolLogName />
    <columnHeader_PatrolLogName />
    <PatrolLogNames>
        <PatrolLogName isMulti="1">-1</PatrolLogName>
    </PatrolLogNames>
    <sortOrder_PatrolLogDate />
    <columnHeader_PatrolLogDate />
    <PatrolLogDate_From />
    <PatrolLogDate_To />
    <sortOrder_PatrolLogStartTime />
    <columnHeader_PatrolLogStartTime />
    <PatrolLogStartTime_FromH>-1</PatrolLogStartTime_FromH>
    <PatrolLogStartTime_Fromi>-1</PatrolLogStartTime_Fromi>
    <PatrolLogStartTime_ToH>-1</PatrolLogStartTime_ToH>
    <PatrolLogStartTime_Toi>-1</PatrolLogStartTime_Toi>
    <sortOrder_PatrolLogFinishTime />
    <columnHeader_PatrolLogFinishTime />
    <PatrolLogFinishTime_FromH>-1</PatrolLogFinishTime_FromH>
    <PatrolLogFinishTime_Fromi>-1</PatrolLogFinishTime_Fromi>
    <PatrolLogFinishTime_ToH>-1</PatrolLogFinishTime_ToH>
    <PatrolLogFinishTime_Toi>-1</PatrolLogFinishTime_Toi>
    <sortOrder_PatrolLogDuration />
    <columnHeader_PatrolLogDuration />
    <PatrolLogDuration_FromH>-1</PatrolLogDuration_FromH>
    <PatrolLogDuration_Fromi>-1</PatrolLogDuration_Fromi>
    <PatrolLogDuration_ToH>-1</PatrolLogDuration_ToH>
    <PatrolLogDuration_Toi>-1</PatrolLogDuration_Toi>
    <sortOrder_PatrolLogStatus />
    <columnHeader_PatrolLogStatus />
    <PatrolLogStatuss>
        <PatrolLogStatus isMulti="1">-1</PatrolLogStatus>
    </PatrolLogStatuss>
    <sortOrder_PatrolLogDaysOpen />
    <columnHeader_PatrolLogDaysOpen />
    <PatrolLogDaysOpen_From />
    <PatrolLogDaysOpen_To />
    <sortOrder_PatrolLogType />
    <columnHeader_PatrolLogType />
    <PatrolLogTypes>
        <PatrolLogType isMulti="1">-1</PatrolLogType>
    </PatrolLogTypes>
    <sortOrder_PatrolMemberPosition />
    <columnHeader_PatrolMemberPosition />
    <PatrolMemberPositions>
        <PatrolMemberPosition isMulti="1">-1</PatrolMemberPosition>
    </PatrolMemberPositions>
    <sortOrder_PatrolMemberPatrolType />
    <columnHeader_PatrolMemberPatrolType />
    <PatrolMemberPatrolTypes>
        <PatrolMemberPatrolType isMulti="1">-1</PatrolMemberPatrolType>
    </PatrolMemberPatrolTypes>
    <sortOrder_PatrolMemberStartTime />
    <columnHeader_PatrolMemberStartTime />
    <PatrolMemberStartTime_FromH>-1</PatrolMemberStartTime_FromH>
    <PatrolMemberStartTime_Fromi>-1</PatrolMemberStartTime_Fromi>
    <PatrolMemberStartTime_ToH>-1</PatrolMemberStartTime_ToH>
    <PatrolMemberStartTime_Toi>-1</PatrolMemberStartTime_Toi>
    <sortOrder_PatrolMemberFinishTime />
    <columnHeader_PatrolMemberFinishTime />
    <PatrolMemberFinishTime_FromH>-1</PatrolMemberFinishTime_FromH>
    <PatrolMemberFinishTime_Fromi>-1</PatrolMemberFinishTime_Fromi>
    <PatrolMemberFinishTime_ToH>-1</PatrolMemberFinishTime_ToH>
    <PatrolMemberFinishTime_Toi>-1</PatrolMemberFinishTime_Toi>
    <sortOrder_PatrolMemberDuration />
    <columnHeader_PatrolMemberDuration />
    <PatrolMemberDuration_FromH>-1</PatrolMemberDuration_FromH>
    <PatrolMemberDuration_Fromi>-1</PatrolMemberDuration_Fromi>
    <PatrolMemberDuration_ToH>-1</PatrolMemberDuration_ToH>
    <PatrolMemberDuration_Toi>-1</PatrolMemberDuration_Toi>
    <sortOrder_PatrolMemberSubMemberID />
    <columnHeader_PatrolMemberSubMemberID />
    <PatrolMemberSubMemberID />
    <sortOrder_PatrolMemberSubFirstName />
    <columnHeader_PatrolMemberSubFirstName />
    <PatrolMemberSubFirstName />
    <sortOrder_PatrolMemberSubSurname />
    <columnHeader_PatrolMemberSubSurname />
    <PatrolMemberSubSurname_From />
    <PatrolMemberSubSurname_To />
    <sortOrder_PatrolMemberVisitingMemberID />
    <columnHeader_PatrolMemberVisitingMemberID />
    <PatrolMemberVisitingMemberID />
    <sortOrder_PatrolMemberVisitingFirstName />
    <columnHeader_PatrolMemberVisitingFirstName />
    <PatrolMemberVisitingFirstName />
    <sortOrder_PatrolMemberVisitingSurname />
    <columnHeader_PatrolMemberVisitingSurname />
    <PatrolMemberVisitingSurname_From />
    <PatrolMemberVisitingSurname_To />
    <sortOrder_PatrolMemberVisitingClub />
    <columnHeader_PatrolMemberVisitingClub />
    <PatrolMemberVisitingClubs>
        <PatrolMemberVisitingClub isMulti="1">-1</PatrolMemberVisitingClub>
    </PatrolMemberVisitingClubs>
    <sortOrder_PatrolNotes />
    <columnHeader_PatrolNotes />
    <PatrolNotes />
    <sortOrder_NotesForNextPatrol />
    <columnHeader_NotesForNextPatrol />
    <NotesForNextPatrol />
    <sortOrder_PatrolLogRequestDate />
    <columnHeader_PatrolLogRequestDate />
    <PatrolLogRequestDate_From />
    <PatrolLogRequestDate_To />
    <sortOrder_PatrolLogRequestReason />
    <columnHeader_PatrolLogRequestReason />
    <PatrolLogRequestReason />
    <sortOrder_PatrolLogRequestType />
    <columnHeader_PatrolLogRequestType />
    <PatrolLogRequestTypes>
        <PatrolLogRequestType isMulti="1">-1</PatrolLogRequestType>
    </PatrolLogRequestTypes>
    <sortOrder_PatrolLogRequestStatus />
    <columnHeader_PatrolLogRequestStatus />
    <PatrolLogRequestStatuss>
        <PatrolLogRequestStatus isMulti="1">-1</PatrolLogRequestStatus>
    </PatrolLogRequestStatuss>
    <sortOrder_PatrolLogAuthoriseDate />
    <columnHeader_PatrolLogAuthoriseDate />
    <PatrolLogAuthoriseDate_From />
    <PatrolLogAuthoriseDate_To />
    <sortOrder_PatrolLogAuthoriseReason />
    <columnHeader_PatrolLogAuthoriseReason />
    <PatrolLogAuthoriseReason />
    <sortOrder_PatrolLogClosedDate />
    <columnHeader_PatrolLogClosedDate />
    <PatrolLogClosedDate_From />
    <PatrolLogClosedDate_To />
    <sortOrder_OrganisationType />
    <columnHeader_OrganisationType />
    <OrganisationTypes>
        <OrganisationType isMulti="1">-1</OrganisationType>
    </OrganisationTypes>
    <selectOrganisationGeneralDetails_OrganisationDisplayName>1</selectOrganisationGeneralDetails_OrganisationDisplayName>
    <sortOrder_OrganisationDisplayName />
    <columnHeader_OrganisationDisplayName />
    <OrganisationDisplayName_From />
    <OrganisationDisplayName_To />
    <sortOrder_OrganisationABN />
    <columnHeader_OrganisationABN />
    <OrganisationABN />
    <sortOrder_OrganisationDGRNumber />
    <columnHeader_OrganisationDGRNumber />
    <OrganisationDGRNumber />
    <sortOrder_OrganisationINCNumber />
    <columnHeader_OrganisationINCNumber />
    <OrganisationINCNumber />
    <sortOrder_OrganisationFundraisingAuthorityNo />
    <columnHeader_OrganisationFundraisingAuthorityNo />
    <OrganisationFundraisingAuthorityNo />
    <sortOrder_OrganisationColours />
    <columnHeader_OrganisationColours />
    <OrganisationColours />
    <sortOrder_OrganisationLogoDesc />
    <columnHeader_OrganisationLogoDesc />
    <OrganisationLogoDesc />
    <sortOrder_OrganisationCapDesc />
    <columnHeader_OrganisationCapDesc />
    <OrganisationCapDesc />
    <sortOrder_OrganisationLocalGovtArea />
    <columnHeader_OrganisationLocalGovtArea />
    <OrganisationLocalGovtArea />
    <sortOrder_OrganisationBeachName />
    <columnHeader_OrganisationBeachName />
    <OrganisationBeachNames>
        <OrganisationBeachName isMulti="1">-1</OrganisationBeachName>
    </OrganisationBeachNames>
    <sortOrder_OrganisationBeachKey />
    <columnHeader_OrganisationBeachKey />
    <OrganisationBeachKeys>
        <OrganisationBeachKey isMulti="1">-1</OrganisationBeachKey>
    </OrganisationBeachKeys>
    <sortOrder_OrganisationOfficePhone />
    <columnHeader_OrganisationOfficePhone />
    <OrganisationOfficePhone />
    <sortOrder_OrganisationOfficeFax />
    <columnHeader_OrganisationOfficeFax />
    <OrganisationOfficeFax />
    <sortOrder_OrganisationMapReference />
    <columnHeader_OrganisationMapReference />
    <OrganisationMapReference />
    <sortOrder_OrganisationGPSLatitude />
    <columnHeader_OrganisationGPSLatitude />
    <OrganisationGPSLatitude />
    <sortOrder_OrganisationGPSLongitude />
    <columnHeader_OrganisationGPSLongitude />
    <OrganisationGPSLongitude />
    <sortOrder_OrganisationGPSDatum />
    <columnHeader_OrganisationGPSDatum />
    <OrganisationGPSDatum />
    <sortOrder_OrganisationEmailAddress />
    <columnHeader_OrganisationEmailAddress />
    <OrganisationEmailAddress />
    <sortOrder_OrganisationEntityPhone />
    <columnHeader_OrganisationEntityPhone />
    <OrganisationEntityPhone />
    <sortOrder_OrganisationEntityFax />
    <columnHeader_OrganisationEntityFax />
    <OrganisationEntityFax />
    <sortOrder_OrganisationWebSite />
    <columnHeader_OrganisationWebSite />
    <OrganisationWebSite />
    <sortOrder_OrganisationHistory />
    <columnHeader_OrganisationHistory />
    <OrganisationHistory />
    <sortOrder_OrganisationPhysicalAddress />
    <columnHeader_OrganisationPhysicalAddress />
    <OrganisationPhysicalAddress />
    <sortOrder_OrganisationPhysicalSuburb />
    <columnHeader_OrganisationPhysicalSuburb />
    <OrganisationPhysicalSuburb />
    <sortOrder_OrganisationPhysicalState />
    <columnHeader_OrganisationPhysicalState />
    <OrganisationPhysicalState>-1</OrganisationPhysicalState>
    <sortOrder_OrganisationPhysicalPostCode />
    <columnHeader_OrganisationPhysicalPostCode />
    <OrganisationPhysicalPostCode />
    <sortOrder_OrganisationPhysicalCountry />
    <columnHeader_OrganisationPhysicalCountry />
    <OrganisationPhysicalCountry>-1</OrganisationPhysicalCountry>
    <sortOrder_OrganisationPostalAddress />
    <columnHeader_OrganisationPostalAddress />
    <OrganisationPostalAddress />
    <sortOrder_OrganisationPostalSuburb />
    <columnHeader_OrganisationPostalSuburb />
    <OrganisationPostalSuburb />
    <sortOrder_OrganisationPostalState />
    <columnHeader_OrganisationPostalState />
    <OrganisationPostalState>-1</OrganisationPostalState>
    <sortOrder_OrganisationPostalPostCode />
    <columnHeader_OrganisationPostalPostCode />
    <OrganisationPostalPostCode />
    <sortOrder_OrganisationPostalCountry />
    <columnHeader_OrganisationPostalCountry />
    <OrganisationPostalCountry>-1</OrganisationPostalCountry>
    <sortOrder_OrganisationContactName />
    <columnHeader_OrganisationContactName />
    <OrganisationContactName />
    <sortOrder_OrganisationContactPhone />
    <columnHeader_OrganisationContactPhone />
    <OrganisationContactPhone />
    <sortOrder_OrganisationContactMobile />
    <columnHeader_OrganisationContactMobile />
    <OrganisationContactMobile />
    <sortOrder_OrganisationBankBSBNumber />
    <columnHeader_OrganisationBankBSBNumber />
    <OrganisationBankBSBNumber />
    <sortOrder_OrganisationBankAccountNumber />
    <columnHeader_OrganisationBankAccountNumber />
    <OrganisationBankAccountNumber />
    <sortOrder_OrganisationBankAccountName />
    <columnHeader_OrganisationBankAccountName />
    <OrganisationBankAccountName />
    <sortOrder_OrganisationBankAccountIsDefault />
    <columnHeader_OrganisationBankAccountIsDefault />
    <OrganisationBankAccountIsDefault>-1</OrganisationBankAccountIsDefault>
    <sortOrder_OrganisationBankAccountEmailAddress />
    <columnHeader_OrganisationBankAccountEmailAddress />
    <OrganisationBankAccountEmailAddress />
    <sortOrder_OrganisationRTOABN />
    <columnHeader_OrganisationRTOABN />
    <OrganisationRTOABN />
    <sortOrder_OrganisationRTOName />
    <columnHeader_OrganisationRTOName />
    <OrganisationRTOName_From />
    <OrganisationRTOName_To />
    <sortOrder_OrganisationRTONTISCode />
    <columnHeader_OrganisationRTONTISCode />
    <OrganisationRTONTISCode />
    <sortOrder_OrganisationRTOSignatory />
    <columnHeader_OrganisationRTOSignatory />
    <OrganisationRTOSignatory />
    <sortOrder_OrganisationRTOSignatoryPosition />
    <columnHeader_OrganisationRTOSignatoryPosition />
    <OrganisationRTOSignatoryPosition />
    <sortOrder_OrganisationCEOSignatory />
    <columnHeader_OrganisationCEOSignatory />
    <OrganisationCEOSignatory />
    <sortOrder_OrganisationCEOSignatoryPosition />
    <columnHeader_OrganisationCEOSignatoryPosition />
    <OrganisationCEOSignatoryPosition />
    <sortOrder_OrganisationPresidentSignatory />
    <columnHeader_OrganisationPresidentSignatory />
    <OrganisationPresidentSignatory />
    <sortOrder_OrganisationPresidentSignatoryPosition />
    <columnHeader_OrganisationPresidentSignatoryPosition />
    <OrganisationPresidentSignatoryPosition />
    <sortOrder_TransactionID />
    <columnHeader_TransactionID />
    <TransactionID />
    <sortOrder_TransactionDate />
    <columnHeader_TransactionDate />
    <TransactionDate_From />
    <TransactionDate_To />
    <sortOrder_TransactionType />
    <columnHeader_TransactionType />
    <TransactionTypes>
        <TransactionType isMulti="1">-1</TransactionType>
    </TransactionTypes>
    <sortOrder_TransactionPaymentMethod />
    <columnHeader_TransactionPaymentMethod />
    <TransactionPaymentMethods>
        <TransactionPaymentMethod isMulti="1">-1</TransactionPaymentMethod>
    </TransactionPaymentMethods>
    <sortOrder_TransactionAmount />
    <columnHeader_TransactionAmount />
    <TransactionAmount_From />
    <TransactionAmount_To />
    <sortOrder_TransactionAmountPaid />
    <columnHeader_TransactionAmountPaid />
    <TransactionAmountPaid_From />
    <TransactionAmountPaid_To />
    <sortOrder_TransactionOutstandingAmount />
    <columnHeader_TransactionOutstandingAmount />
    <TransactionOutstandingAmount_From />
    <TransactionOutstandingAmount_To />
    <sortOrder_TransactionReceiptNumber />
    <columnHeader_TransactionReceiptNumber />
    <TransactionReceiptNumber />
    <sortOrder_TransactionDescription />
    <columnHeader_TransactionDescription />
    <TransactionDescription />
    <sortOrder_HasNotes />
    <columnHeader_HasNotes />
    <HasNotes>-1</HasNotes>
    <sortOrder_NoteDate />
    <columnHeader_NoteDate />
    <NoteDate_From />
    <NoteDate_To />
    <sortOrder_NoteOrganisation />
    <columnHeader_NoteOrganisation />
    <NoteOrganisations>
        <NoteOrganisation isMulti="1">-1</NoteOrganisation>
    </NoteOrganisations>
    <sortOrder_NoteType />
    <columnHeader_NoteType />
    <NoteTypes>
        <NoteType isMulti="1">-1</NoteType>
    </NoteTypes>
    <sortOrder_NoteHeading />
    <columnHeader_NoteHeading />
    <NoteHeading />
    <sortOrder_NoteDetails />
    <columnHeader_NoteDetails />
    <NoteDetails />
    <sendEmail>1</sendEmail>
    <sendEmailAddress>help@swapsea.com.au</sendEmailAddress>
    <recurringTypeID>1</recurringTypeID>
    <recurringInterval />
    <scheduledRunTime_Date />
    <scheduledRunTime_Times>
        <scheduledRunTime_Time isMulti="1">0</scheduledRunTime_Time>
        <scheduledRunTime_Time isMulti="1">0</scheduledRunTime_Time>
    </scheduledRunTime_Times>
    <customReportName>swapsea_rosters</customReportName>
</report>